[
    {
        "input": "I am not sure which BMW model suits my lifestyle",
        "output": {
            "title": "Discover Your Ideal BMW Model 🚗",
            "full_answer": "When looking to buy a BMW and finding out which model aligns with your lifestyle, think about your daily activities, driving habits, and specific needs from a vehicle, including space, performance, and technology.",
            "ui_elements": [
                {
                    "type": "RadioButtons",
                    "label": "Lifestyle",
                    "options": ["Adventurous", "Family-Oriented", "Luxury Seeker", "Eco-Conscious"]
                },
                {
                    "type": "Slider",
                    "label": "Budget",
                    "range": [30000, 150000]
                },
                {
                    "type": "MultiSelect",
                    "label": "Additional Features",
                    "options": ["Sunroof", "Leather Seats", "Sound System", "Sport Package"]
                }
            ]
        }        
    },
    {
        "input": "Which cat breed is the right one for me to adopt?",
        "output": {
            "title": "Discover Your Ideal Cat Breed 🐱",
            "full_answer": "When looking to learn about different cat breeds and finding out which breed aligns with your lifestyle, think about your living situation, allergy concerns, and specific needs from a pet, including temperament, grooming needs, and activity level.",
            "ui_elements": [
                {
                    "type": "RadioButtons",
                    "label": "Living Situation",
                    "options": ["Apartment", "House with Yard", "House without Yard", "Farm"]
                },
                {
                    "type": "Slider",
                    "label": "Allergy Concerns",
                    "range": [1, 10]
                },
                {
                    "type": "MultiSelect",
                    "label": "Preferred Temperament",
                    "options": ["Affectionate", "Independent", "Playful", "Calm"]
                },
                {
                    "type": "MultiSelect",
                    "label": "Additional Pet Features",
                    "options": ["Low Grooming Needs", "High Activity Level", "Compatibility with Other Pets"]
                }
            ]
        }
    },
    {
        "input": "Desired Range (miles): 144 Charging Infrastructure: Well-Established Budget: 40741 Desired Features: ['Advanced Safety Features']",
        "output": {
            "title": "Preliminary Electric Vehicle Recommendation 🚘",
            "full_answer": "Based on your specified range of 144 miles, well-established charging infrastructure, budget of $40,741, and interest in advanced safety features, a compact or midsize electric vehicle would be a suitable choice. These vehicles often offer the right balance of range, affordability, and safety. Brands like Nissan, Chevrolet, and certain models from Tesla could be good starting points. Now, let's refine your options further.",
            "ui_elements": [
                {
                    "type": "MultiSelect",
                    "label": "Preferred Brand",
                    "options": ["Tesla", "Nissan", "Chevrolet", "BMW", "Audi", "Other"]
                },
                {
                    "type": "Checkbox",
                    "label": "Vehicle Type",
                    "options": ["Sedan", "SUV", "Hatchback", "Truck", "Crossover"]
                },
                {
                    "type": "RadioButtons",
                    "label": "Interior Preferences",
                    "options": ["Luxury", "Standard", "Eco-Friendly Materials"]
                },
                {
                    "type": "Checkbox",
                    "label": "Additional Features",
                    "options": ["Heated Seats", "Panoramic Sunroof", "Enhanced Audio System", "Wireless Charging", "Hands-Free Tailgate", "Customizable Ambient Lighting"]
                }
            ]
        }
        
    }
]